Entity,Code,Year,Rice | 00000027 || Yield | 005412 || tonnes per hectare
Afghanistan,AFG,2015,3.7317002
Afghanistan,AFG,2016,4.4723
Afghanistan,AFG,2017,4.6148
Afghanistan,AFG,2018,4.4709
Afghanistan,AFG,2019,4.4766
Afghanistan,AFG,2020,4.4417005
Afghanistan,AFG,2021,4.4065003
Afghanistan,AFG,2022,4.625
Afghanistan,AFG,2023,4.6279
Africa,NA,2015,2.29609
Africa,NA,2016,2.3032103
Africa,NA,2017,2.2409763
Africa,NA,2018,2.187442
Africa,NA,2019,2.3343387
Africa,NA,2020,2.404762
Africa,NA,2021,2.3601165
Africa,NA,2022,2.3277767
Africa,NA,2023,2.313313
Africa (FAO),NA,2015,2.2961001
Africa (FAO),NA,2016,2.3032
Africa (FAO),NA,2017,2.2410002
Africa (FAO),NA,2018,2.1874
Africa (FAO),NA,2019,2.3343
Africa (FAO),NA,2020,2.4048002
Africa (FAO),NA,2021,2.3601003
Africa (FAO),NA,2022,2.3278003
Africa (FAO),NA,2023,2.3133001
Algeria,DZA,2015,1.7939001
Algeria,DZA,2016,1.7827001
Algeria,DZA,2017,1.7939001
Algeria,DZA,2018,1.7901001
Algeria,DZA,2019,1.7889001
Algeria,DZA,2020,1.7910001
Algeria,DZA,2021,1.7900001
Algeria,DZA,2022,1.7899001
Algeria,DZA,2023,1.7903001
Americas (FAO),NA,2015,5.951
Americas (FAO),NA,2016,5.821
Americas (FAO),NA,2017,5.959
Americas (FAO),NA,2018,6.1237006
Americas (FAO),NA,2019,6.0426
Americas (FAO),NA,2020,6.3323
Americas (FAO),NA,2021,6.4185004
Americas (FAO),NA,2022,6.1097007
Americas (FAO),NA,2023,6.3972006
Angola,AGO,2015,1.5068002
Angola,AGO,2016,1.5295001
Angola,AGO,2017,0.86380005
Angola,AGO,2018,1.1523001
Angola,AGO,2019,1.1931
Angola,AGO,2020,1.2375001
Angola,AGO,2021,1.2266
Angola,AGO,2022,1.2323002
Angola,AGO,2023,1.1721001
Argentina,ARG,2015,6.6989
Argentina,ARG,2016,6.7632003
Argentina,ARG,2017,6.5083003
Argentina,ARG,2018,6.9030004
Argentina,ARG,2019,6.4919004
Argentina,ARG,2020,6.5996003
Argentina,ARG,2021,7.2662005
Argentina,ARG,2022,6.5697007
Argentina,ARG,2023,6.7237005
Asia,NA,2015,4.707754
Asia,NA,2016,4.7135396
Asia,NA,2017,4.7753677
Asia,NA,2018,4.8484774
Asia,NA,2019,4.891713
Asia,NA,2020,4.868568
Asia,NA,2021,4.9345517
Asia,NA,2022,4.9334383
Asia,NA,2023,4.992329
Asia (FAO),NA,2015,4.7078
Asia (FAO),NA,2016,4.7135
Asia (FAO),NA,2017,4.7754
Asia (FAO),NA,2018,4.8485003
Asia (FAO),NA,2019,4.8917003
Asia (FAO),NA,2020,4.8686004
Asia (FAO),NA,2021,4.9346004
Asia (FAO),NA,2022,4.9334
Asia (FAO),NA,2023,4.9923
Australia,AUS,2015,9.9103
Australia,AUS,2016,10.288901
Australia,AUS,2017,9.8208
Australia,AUS,2018,10.386001
Australia,AUS,2019,8.771001
Australia,AUS,2020,10.0308
Australia,AUS,2021,9.382
Australia,AUS,2022,11.054501
Australia,AUS,2023,9.516201
Azerbaijan,AZE,2015,2.3696003
Azerbaijan,AZE,2016,2.1538002
Azerbaijan,AZE,2017,3.1189
Azerbaijan,AZE,2018,2.9684
Azerbaijan,AZE,2019,2.7613
Azerbaijan,AZE,2020,3.1314
Azerbaijan,AZE,2021,3.2960002
Azerbaijan,AZE,2022,3.4242
Azerbaijan,AZE,2023,4.6515
Bangladesh,BGD,2015,4.5518003
Bangladesh,BGD,2016,4.5863
Bangladesh,BGD,2017,4.6619
Bangladesh,BGD,2018,4.7257004
Bangladesh,BGD,2019,4.7402005
Bangladesh,BGD,2020,4.8088
Bangladesh,BGD,2021,4.8187003
Bangladesh,BGD,2022,4.8912005
Bangladesh,BGD,2023,5.0348
Belize,BLZ,2015,4.2422004
Belize,BLZ,2016,4.7752004
Belize,BLZ,2017,4.7208
Belize,BLZ,2018,4.9209003
Belize,BLZ,2019,5.7509003
Belize,BLZ,2020,4.5252004
Belize,BLZ,2021,5.6694
Belize,BLZ,2022,5.287
Belize,BLZ,2023,5.6034
Benin,BEN,2015,3.1285002
Benin,BEN,2016,3.4174001
Benin,BEN,2017,3.5295002
Benin,BEN,2018,3.3977
Benin,BEN,2019,3.9651003
Benin,BEN,2020,3.9353004
Benin,BEN,2021,4.1000004
Benin,BEN,2022,3.8936002
Benin,BEN,2023,3.7307
Bhutan,BTN,2015,4.0192003
Bhutan,BTN,2016,3.8796003
Bhutan,BTN,2017,4.0745
Bhutan,BTN,2018,4.2362003
Bhutan,BTN,2019,4.0698004
Bhutan,BTN,2020,4.2644
Bhutan,BTN,2021,4.1593
Bhutan,BTN,2022,4.4701004
Bhutan,BTN,2023,4.3293
Bolivia,BOL,2015,3.1699
Bolivia,BOL,2016,2.4829
Bolivia,BOL,2017,2.7692
Bolivia,BOL,2018,3.1875002
Bolivia,BOL,2019,3.2040002
Bolivia,BOL,2020,2.7614
Bolivia,BOL,2021,3.078
Bolivia,BOL,2022,2.9952002
Bolivia,BOL,2023,3.3547
Brazil,BRA,2015,5.7525
Brazil,BRA,2016,5.4643
Brazil,BRA,2017,6.2131004
Brazil,BRA,2018,6.3074
Brazil,BRA,2019,6.0633
Brazil,BRA,2020,6.6108003
Brazil,BRA,2021,6.9031005
Brazil,BRA,2022,6.6380005
Brazil,BRA,2023,6.9369
Brunei,BRN,2015,2.3846002
Brunei,BRN,2016,1.7143002
Brunei,BRN,2017,1.7692001
Brunei,BRN,2018,2
Brunei,BRN,2019,2.0909
Brunei,BRN,2020,3.0000002
Brunei,BRN,2021,2.7333002
Brunei,BRN,2022,2.4
Brunei,BRN,2023,2.4667
Bulgaria,BGR,2015,5.4540005
Bulgaria,BGR,2016,5.4032006
Bulgaria,BGR,2017,5.6089
Bulgaria,BGR,2018,5.5200005
Bulgaria,BGR,2019,6.0000005
Bulgaria,BGR,2020,5.3287005
Bulgaria,BGR,2021,4.8232
Bulgaria,BGR,2022,6.0794
Bulgaria,BGR,2023,5.7286005
Burkina Faso,BFA,2015,2.2782001
Burkina Faso,BFA,2016,2.2608001
Burkina Faso,BFA,2017,1.9721
Burkina Faso,BFA,2018,2.177
Burkina Faso,BFA,2019,2.1242
Burkina Faso,BFA,2020,2.2377
Burkina Faso,BFA,2021,2.0403001
Burkina Faso,BFA,2022,2.2118
Burkina Faso,BFA,2023,2.3753002
Burundi,BDI,2015,1.1293001
Burundi,BDI,2016,2.3001
Burundi,BDI,2017,1.7838001000000001
Burundi,BDI,2018,1.7926
Burundi,BDI,2019,1.6896001
Burundi,BDI,2020,1.9588002
Burundi,BDI,2021,1.9588002
Burundi,BDI,2022,1.9588002
Burundi,BDI,2023,1.9588002
Cambodia,KHM,2015,3.0849001
Cambodia,KHM,2016,3.2103002
Cambodia,KHM,2017,3.2972002
Cambodia,KHM,2018,3.3534
Cambodia,KHM,2019,3.3351002
Cambodia,KHM,2020,3.3454
Cambodia,KHM,2021,3.4897
Cambodia,KHM,2022,3.5192
Cambodia,KHM,2023,3.5829
Cameroon,CMR,2015,1.2271
Cameroon,CMR,2016,2.1100001
Cameroon,CMR,2017,2.1100001
Cameroon,CMR,2018,2.6406002
Cameroon,CMR,2019,2.1407
Cameroon,CMR,2020,2.1312
Cameroon,CMR,2021,2.0517
Cameroon,CMR,2022,2.1647
Cameroon,CMR,2023,2.2895
Caribbean (FAO),NA,2015,4.2732005
Caribbean (FAO),NA,2016,4.2125
Caribbean (FAO),NA,2017,4.2639003
Caribbean (FAO),NA,2018,3.3468
Caribbean (FAO),NA,2019,4.211
Caribbean (FAO),NA,2020,4.2777004
Caribbean (FAO),NA,2021,4.3549
Caribbean (FAO),NA,2022,4.2967005
Caribbean (FAO),NA,2023,4.261
Central African Republic,CAF,2015,1.4001
Central African Republic,CAF,2016,1.4001
Central African Republic,CAF,2017,1.3999001
Central African Republic,CAF,2018,1.4001
Central African Republic,CAF,2019,1.4000001
Central African Republic,CAF,2020,0.90000004
Central African Republic,CAF,2021,1.1
Central African Republic,CAF,2022,1.4000001
Central African Republic,CAF,2023,1.4000001
Central America (FAO),NA,2015,4.4777
Central America (FAO),NA,2016,4.7053
Central America (FAO),NA,2017,4.7102003
Central America (FAO),NA,2018,4.9223
Central America (FAO),NA,2019,5.0112004
Central America (FAO),NA,2020,4.9106
Central America (FAO),NA,2021,5.1312003
Central America (FAO),NA,2022,5.1828
Central America (FAO),NA,2023,5.1754003
Central Asia (FAO),NA,2015,4.9177003
Central Asia (FAO),NA,2016,5.3346004
Central Asia (FAO),NA,2017,5.0400004
Central Asia (FAO),NA,2018,4.9148
Central Asia (FAO),NA,2019,5.2341003
Central Asia (FAO),NA,2020,5.5406003
Central Asia (FAO),NA,2021,5.8419003
Central Asia (FAO),NA,2022,5.9285
Central Asia (FAO),NA,2023,5.9215
Chad,TCD,2015,1.4155
Chad,TCD,2016,1.4128001
Chad,TCD,2017,1.3797001
Chad,TCD,2018,1.3967
Chad,TCD,2019,1.5108001
Chad,TCD,2020,1.4698001
Chad,TCD,2021,1.3181001
Chad,TCD,2022,1.3097
Chad,TCD,2023,1.2762
Chile,CHL,2015,6.8972006
Chile,CHL,2016,6.5564003
Chile,CHL,2017,6.1072006
Chile,CHL,2018,6.531
Chile,CHL,2019,6.6648
Chile,CHL,2020,6.4294004
Chile,CHL,2021,6.3612003
Chile,CHL,2022,4.855
Chile,CHL,2023,6.0871005
China,CHN,2015,6.8913
China,CHN,2016,6.8657007
China,CHN,2017,6.9169
China,CHN,2018,7.0266004
China,CHN,2019,7.0601006
China,CHN,2020,7.0432005
China,CHN,2021,7.1135
China,CHN,2022,7.0796003
China,CHN,2023,7.1368003
China (FAO),NA,2015,6.8863
China (FAO),NA,2016,6.8563004
China (FAO),NA,2017,6.9122005
China (FAO),NA,2018,7.0280004
China (FAO),NA,2019,7.0562005
China (FAO),NA,2020,7.0402007
China (FAO),NA,2021,7.1124
China (FAO),NA,2022,7.0757008
China (FAO),NA,2023,7.1325
Colombia,COL,2015,4.13
Colombia,COL,2016,4.3323
Colombia,COL,2017,4.0808
Colombia,COL,2018,4.3922005
Colombia,COL,2019,4.4657006
Colombia,COL,2020,4.6319003
Colombia,COL,2021,4.4805
Colombia,COL,2022,4.6307006
Colombia,COL,2023,4.5035
Comoros,COM,2015,0.2975
Comoros,COM,2016,0.29860002
Comoros,COM,2017,0.2989
Comoros,COM,2018,0.2978
Comoros,COM,2019,0.29720002
Comoros,COM,2020,0.2978
Comoros,COM,2021,0.29870003
Comoros,COM,2022,0.2989
Comoros,COM,2023,0.2991
Congo,COG,2015,0.5998
Congo,COG,2016,0.59180003
Congo,COG,2017,0.5852
Congo,COG,2018,0.57900006
Congo,COG,2019,0.5737
Congo,COG,2020,0.57670003
Congo,COG,2021,0.5811
Congo,COG,2022,0.5788
Congo,COG,2023,0.5765
Costa Rica,CRI,2015,4.0031004
Costa Rica,CRI,2016,4.2381005
Costa Rica,CRI,2017,3.9878001
Costa Rica,CRI,2018,4.6442003
Costa Rica,CRI,2019,4.5140004
Costa Rica,CRI,2020,3.6701002
Costa Rica,CRI,2021,4.5812006
Costa Rica,CRI,2022,4.3841004
Costa Rica,CRI,2023,5.131
Cote d'Ivoire,CIV,2015,2.5509
Cote d'Ivoire,CIV,2016,2.6327
Cote d'Ivoire,CIV,2017,2.6817
Cote d'Ivoire,CIV,2018,2.7310002
Cote d'Ivoire,CIV,2019,2.7922
Cote d'Ivoire,CIV,2020,2.8575
Cote d'Ivoire,CIV,2021,2.8497
Cote d'Ivoire,CIV,2022,2.8931003
Cote d'Ivoire,CIV,2023,2.9371002
Cuba,CUB,2015,3.7269
Cuba,CUB,2016,3.6713002
Cuba,CUB,2017,3.6022
Cuba,CUB,2018,3.4466002
Cuba,CUB,2019,3.3460002
Cuba,CUB,2020,3.5739
Cuba,CUB,2021,3.3944001
Cuba,CUB,2022,2.7127001
Cuba,CUB,2023,2.9266002
Democratic Republic of Congo,COD,2015,0.7587001
Democratic Republic of Congo,COD,2016,0.8141
Democratic Republic of Congo,COD,2017,0.8416
Democratic Republic of Congo,COD,2018,0.90090007
Democratic Republic of Congo,COD,2019,0.97220004
Democratic Republic of Congo,COD,2020,1.1184001
Democratic Republic of Congo,COD,2021,1.1456001
Democratic Republic of Congo,COD,2022,0.92730004
Democratic Republic of Congo,COD,2023,0.95070004
Dominican Republic,DOM,2015,5.1705003
Dominican Republic,DOM,2016,5.2180004
Dominican Republic,DOM,2017,5.1898003
Dominican Republic,DOM,2018,5.0116005
Dominican Republic,DOM,2019,5.1445003
Dominican Republic,DOM,2020,5.103
Dominican Republic,DOM,2021,5.2637005
Dominican Republic,DOM,2022,5.2029
Dominican Republic,DOM,2023,5.05
East Timor,TLS,2015,3.1082
East Timor,TLS,2016,3.1168003
East Timor,TLS,2017,2.7055001
East Timor,TLS,2018,3.3529
East Timor,TLS,2019,2.1418002
East Timor,TLS,2020,2.6430001
East Timor,TLS,2021,1.6966001
East Timor,TLS,2022,2.1604
East Timor,TLS,2023,2.1604
Eastern Africa (FAO),NA,2015,2.6655002
Eastern Africa (FAO),NA,2016,2.5697
Eastern Africa (FAO),NA,2017,2.2892
Eastern Africa (FAO),NA,2018,2.5513003
Eastern Africa (FAO),NA,2019,2.4064
Eastern Africa (FAO),NA,2020,2.5908003
Eastern Africa (FAO),NA,2021,2.6513002
Eastern Africa (FAO),NA,2022,2.7101002
Eastern Africa (FAO),NA,2023,2.3803
Eastern Asia (FAO),NA,2015,6.8566003
Eastern Asia (FAO),NA,2016,6.8498
Eastern Asia (FAO),NA,2017,6.8880005
Eastern Asia (FAO),NA,2018,6.9827003
Eastern Asia (FAO),NA,2019,7.0269003
Eastern Asia (FAO),NA,2020,6.9821005
Eastern Asia (FAO),NA,2021,7.0582004
Eastern Asia (FAO),NA,2022,7.0347004
Eastern Asia (FAO),NA,2023,7.084
Eastern Europe (FAO),NA,2015,5.4844003
Eastern Europe (FAO),NA,2016,5.2665005
Eastern Europe (FAO),NA,2017,5.2779
Eastern Europe (FAO),NA,2018,5.6962004
Eastern Europe (FAO),NA,2019,5.7139
Eastern Europe (FAO),NA,2020,5.7106004
Eastern Europe (FAO),NA,2021,5.5787005
Eastern Europe (FAO),NA,2022,5.4385004
Eastern Europe (FAO),NA,2023,5.7049003
Ecuador,ECU,2015,3.5356002
Ecuador,ECU,2016,3.3624
Ecuador,ECU,2017,3.7154
Ecuador,ECU,2018,3.6316004
Ecuador,ECU,2019,3.4295
Ecuador,ECU,2020,3.4273002
Ecuador,ECU,2021,3.5469
Ecuador,ECU,2022,3.7087002
Ecuador,ECU,2023,3.8274
Egypt,EGY,2015,9.431201
Egypt,EGY,2016,9.3353
Egypt,EGY,2017,9.024501
Egypt,EGY,2018,8.6511
Egypt,EGY,2019,8.758201
Egypt,EGY,2020,9.6203
Egypt,EGY,2021,9.137501
Egypt,EGY,2022,8.9048
Egypt,EGY,2023,8.7159
El Salvador,SLV,2015,6.3986006
El Salvador,SLV,2016,6.9302006
El Salvador,SLV,2017,6.6108003
El Salvador,SLV,2018,6.3977003
El Salvador,SLV,2019,7.9870005
El Salvador,SLV,2020,7.3263
El Salvador,SLV,2021,6.7512007
El Salvador,SLV,2022,6.8805003
El Salvador,SLV,2023,6.9035006
Eswatini,SWZ,2015,3.3671002
Eswatini,SWZ,2016,3.2570002
Eswatini,SWZ,2017,3.094
Eswatini,SWZ,2018,3.0542002
Eswatini,SWZ,2019,3.0396001
Eswatini,SWZ,2020,3.1111002
Eswatini,SWZ,2021,3.1771002
Eswatini,SWZ,2022,3.1480002
Eswatini,SWZ,2023,3.1189
Ethiopia,ETH,2015,3.0752
Ethiopia,ETH,2016,2.8089
Ethiopia,ETH,2017,2.8437002
Ethiopia,ETH,2018,2.7123
Ethiopia,ETH,2019,2.9636002
Ethiopia,ETH,2020,3.1449
Ethiopia,ETH,2021,3.0798001
Ethiopia,ETH,2022,3.4667
Ethiopia,ETH,2023,3.3667002
Europe,NA,2015,6.470731
Europe,NA,2016,6.3595824
Europe,NA,2017,6.4460483
Europe,NA,2018,6.469366
Europe,NA,2019,6.4646254
Europe,NA,2020,6.380188
Europe,NA,2021,6.2321773
Europe,NA,2022,5.744636
Europe,NA,2023,6.172496
Europe (FAO),NA,2015,6.4707007
Europe (FAO),NA,2016,6.3596005
Europe (FAO),NA,2017,6.446
Europe (FAO),NA,2018,6.4694004
Europe (FAO),NA,2019,6.4646006
Europe (FAO),NA,2020,6.3802004
Europe (FAO),NA,2021,6.2322006
Europe (FAO),NA,2022,5.7446003
Europe (FAO),NA,2023,6.1725
European Union (27),NA,2015,6.910293
European Union (27),NA,2016,6.885032
European Union (27),NA,2017,6.972135
European Union (27),NA,2018,6.8067856
European Union (27),NA,2019,6.819251
European Union (27),NA,2020,6.6607347
European Union (27),NA,2021,6.4738493
European Union (27),NA,2022,5.8963594
European Union (27),NA,2023,6.4037366
European Union (27) (FAO),NA,2015,6.9103003
European Union (27) (FAO),NA,2016,6.885
European Union (27) (FAO),NA,2017,6.9721003
European Union (27) (FAO),NA,2018,6.8068004
European Union (27) (FAO),NA,2019,6.8193
European Union (27) (FAO),NA,2020,6.6607003
European Union (27) (FAO),NA,2021,6.4738
European Union (27) (FAO),NA,2022,5.8964
European Union (27) (FAO),NA,2023,6.4037004
Fiji,FJI,2015,3.0000002
Fiji,FJI,2016,3.0000002
Fiji,FJI,2017,3.0000002
Fiji,FJI,2018,3.0004
Fiji,FJI,2019,3.4390001
Fiji,FJI,2020,3.7725003
Fiji,FJI,2021,4.0553
Fiji,FJI,2022,3.9812002
Fiji,FJI,2023,3.7842002
France,FRA,2015,5.0014
France,FRA,2016,4.8045
France,FRA,2017,5.3971004
France,FRA,2018,5.3788
France,FRA,2019,5.4682007
France,FRA,2020,5.2696004
France,FRA,2021,5.182
France,FRA,2022,5.4830003
France,FRA,2023,5.6328
Gabon,GAB,2015,2.8346002
Gabon,GAB,2016,2.877
Gabon,GAB,2017,2.7775002
Gabon,GAB,2018,2.8134
Gabon,GAB,2019,2.7074
Gabon,GAB,2020,2.7019
Gabon,GAB,2021,2.753
Gabon,GAB,2022,2.7219
Gabon,GAB,2023,2.7052002
Gambia,GMB,2015,0.8216
Gambia,GMB,2016,0.7436
Gambia,GMB,2017,0.45560002
Gambia,GMB,2018,0.6193
Gambia,GMB,2019,0.49080002
Gambia,GMB,2020,0.6603
Gambia,GMB,2021,1.1282
Gambia,GMB,2022,0.8819001
Gambia,GMB,2023,0.84770006
Ghana,GHA,2015,2.7500002
Ghana,GHA,2016,2.8200002
Ghana,GHA,2017,2.8104
Ghana,GHA,2018,3.7350001
Ghana,GHA,2019,3.2801003
Ghana,GHA,2020,3.3436003
Ghana,GHA,2021,3.2017002
Ghana,GHA,2022,3.5639
Ghana,GHA,2023,3.9541004
Greece,GRC,2015,9.077901
Greece,GRC,2016,8.6308
Greece,GRC,2017,8.2657
Greece,GRC,2018,7.3374004
Greece,GRC,2019,7.3989
Greece,GRC,2020,7.963701
Greece,GRC,2021,7.0318003
Greece,GRC,2022,7.4618
Greece,GRC,2023,6.9
Guatemala,GTM,2015,2.9356003
Guatemala,GTM,2016,2.9807
Guatemala,GTM,2017,2.9749
Guatemala,GTM,2018,2.9739
Guatemala,GTM,2019,3.0264
Guatemala,GTM,2020,3.1338003
Guatemala,GTM,2021,3.2418003
Guatemala,GTM,2022,3.3619
Guatemala,GTM,2023,3.5381002
Guinea,GIN,2015,1.2
Guinea,GIN,2016,1.2658001
Guinea,GIN,2017,1.2171
Guinea,GIN,2018,1.2581
Guinea,GIN,2019,1.35
Guinea,GIN,2020,1.47
Guinea,GIN,2021,1.5000001
Guinea,GIN,2022,1.4931
Guinea,GIN,2023,1.5029001
Guinea-Bissau,GNB,2015,1.5554001
Guinea-Bissau,GNB,2016,1.5609001
Guinea-Bissau,GNB,2017,1.5557001
Guinea-Bissau,GNB,2018,1.5461
Guinea-Bissau,GNB,2019,1.5410001
Guinea-Bissau,GNB,2020,1.6630001
Guinea-Bissau,GNB,2021,1.6890001
Guinea-Bissau,GNB,2022,1.8667
Guinea-Bissau,GNB,2023,1.8867
Guyana,GUY,2015,5.5398
Guyana,GUY,2016,5.4740005
Guyana,GUY,2017,5.5938
Guyana,GUY,2018,5.7725
Guyana,GUY,2019,5.9049
Guyana,GUY,2020,5.7013
Guyana,GUY,2021,5.5199003
Guyana,GUY,2022,6.0285
Guyana,GUY,2023,6.1118
Haiti,HTI,2015,2.8013003
Haiti,HTI,2016,2.8518002
Haiti,HTI,2017,2.9211001
Haiti,HTI,2018,1.108
Haiti,HTI,2019,3.1454
Haiti,HTI,2020,2.676
Haiti,HTI,2021,2.5676003
Haiti,HTI,2022,2.5686002
Haiti,HTI,2023,2.5986001
High-income countries,NA,2015,7.1136904
High-income countries,NA,2016,7.0668497
High-income countries,NA,2017,7.106328
High-income countries,NA,2018,7.230067
High-income countries,NA,2019,7.0448966
High-income countries,NA,2020,7.0647674
High-income countries,NA,2021,7.239274
High-income countries,NA,2022,7.0657907
High-income countries,NA,2023,7.2202
Honduras,HND,2015,3.7336004
Honduras,HND,2016,3.5809
Honduras,HND,2017,3.9040003
Honduras,HND,2018,3.9512002
Honduras,HND,2019,3.9368002
Honduras,HND,2020,3.6222
Honduras,HND,2021,3.3675
Honduras,HND,2022,3.2246003
Honduras,HND,2023,3.0817
Hong Kong,HKG,2015,2.0794
Hong Kong,HKG,2016,2.0957
Hong Kong,HKG,2017,2.1011002
Hong Kong,HKG,2018,2.1090002
Hong Kong,HKG,2019,2.1024
Hong Kong,HKG,2020,2.1158001
Hong Kong,HKG,2021,2.0399
Hong Kong,HKG,2022,2.0494
Hong Kong,HKG,2023,2.059
Hungary,HUN,2015,3.3578002
Hungary,HUN,2016,3.7025
Hungary,HUN,2017,4.4495
Hungary,HUN,2018,4.5802
Hungary,HUN,2019,4.1623
Hungary,HUN,2020,3.9264002
Hungary,HUN,2021,3.5000002
Hungary,HUN,2022,4.3562
Hungary,HUN,2023,3.5598001
India,IND,2015,3.6002002
India,IND,2016,3.7401004
India,IND,2017,3.8637002
India,IND,2018,3.9567
India,IND,2019,4.0836005
India,IND,2020,4.0757003
India,IND,2021,4.1962004
India,IND,2022,4.2571
India,IND,2023,4.3223
Indonesia,IDN,2015,5.3588
Indonesia,IDN,2016,5.0973
Indonesia,IDN,2017,5.0690002
Indonesia,IDN,2018,5.2031
Indonesia,IDN,2019,5.1137004
Indonesia,IDN,2020,5.1279
Indonesia,IDN,2021,5.2263002
Indonesia,IDN,2022,5.2378
Indonesia,IDN,2023,5.2852006
Iran,IRN,2015,4.4299
Iran,IRN,2016,4.9008
Iran,IRN,2017,5.3659
Iran,IRN,2018,4.9862003
Iran,IRN,2019,4.9566
Iran,IRN,2020,5.3348002
Iran,IRN,2021,4.6660004
Iran,IRN,2022,4.5846004
Iran,IRN,2023,4.7998
Iraq,IRQ,2015,4.4776
Iraq,IRQ,2016,4.8056
Iraq,IRQ,2017,4.8975
Iraq,IRQ,2018,3.3556004
Iraq,IRQ,2019,4.5014
Iraq,IRQ,2020,4.5688
Iraq,IRQ,2021,4.3922005
Iraq,IRQ,2022,3.0313003
Iraq,IRQ,2023,3.6296003
Italy,ITA,2015,6.6785
Italy,ITA,2016,6.7797003
Italy,ITA,2017,6.8253
Italy,ITA,2018,6.7687006
Italy,ITA,2019,6.7837005
Italy,ITA,2020,6.6316004
Italy,ITA,2021,6.4275002
Italy,ITA,2022,5.6632004
Italy,ITA,2023,6.5575004
Jamaica,JAM,2015,4.5
Jamaica,JAM,2016,4.5333
Jamaica,JAM,2017,1
Jamaica,JAM,2019,1
Japan,JPN,2015,6.8754
Japan,JPN,2016,6.9643
Japan,JPN,2017,6.9216003
Japan,JPN,2018,6.8413
Japan,JPN,2019,6.8345003
Japan,JPN,2020,6.8315005
Japan,JPN,2021,6.9876003
Japan,JPN,2022,6.9790006
Japan,JPN,2023,6.8565
Kazakhstan,KAZ,2015,4.2756004
Kazakhstan,KAZ,2016,4.748
Kazakhstan,KAZ,2017,4.6841
Kazakhstan,KAZ,2018,4.7590003
Kazakhstan,KAZ,2019,5.4983
Kazakhstan,KAZ,2020,5.4438
Kazakhstan,KAZ,2021,5.2132006
Kazakhstan,KAZ,2022,4.9058
Kazakhstan,KAZ,2023,4.8514
Kenya,KEN,2015,3.9566002
Kenya,KEN,2016,3.4601002
Kenya,KEN,2017,2.6717
Kenya,KEN,2018,4.3367004
Kenya,KEN,2019,6.4255004
Kenya,KEN,2020,6.3973002
Kenya,KEN,2021,5.8074
Kenya,KEN,2022,4.3452005
Kenya,KEN,2023,5.8826003
Kyrgyzstan,KGZ,2015,3.5081003
Kyrgyzstan,KGZ,2016,3.5185
Kyrgyzstan,KGZ,2017,3.5669
Kyrgyzstan,KGZ,2018,3.5945
Kyrgyzstan,KGZ,2019,3.6464
Kyrgyzstan,KGZ,2020,3.7288003
Kyrgyzstan,KGZ,2021,3.7357001
Kyrgyzstan,KGZ,2022,3.8027
Kyrgyzstan,KGZ,2023,3.9675002
Land Locked Developing Countries (FAO),NA,2015,3.4318001
Land Locked Developing Countries (FAO),NA,2016,3.5157
Land Locked Developing Countries (FAO),NA,2017,3.5622
Land Locked Developing Countries (FAO),NA,2018,3.5067
Land Locked Developing Countries (FAO),NA,2019,3.5654001
Land Locked Developing Countries (FAO),NA,2020,3.4808002
Land Locked Developing Countries (FAO),NA,2021,3.295
Land Locked Developing Countries (FAO),NA,2022,3.4797
Land Locked Developing Countries (FAO),NA,2023,3.6022
Laos,LAO,2015,4.2501
Laos,LAO,2016,4.2625003
Laos,LAO,2017,4.2251005
Laos,LAO,2018,4.2264
Laos,LAO,2019,4.1548
Laos,LAO,2020,3.8181002
Laos,LAO,2021,4.0719
Laos,LAO,2022,4.3935003
Laos,LAO,2023,4.3769
Least Developed Countries (FAO),NA,2015,3.5205002
Least Developed Countries (FAO),NA,2016,3.4970002
Least Developed Countries (FAO),NA,2017,3.5255
Least Developed Countries (FAO),NA,2018,3.5399
Least Developed Countries (FAO),NA,2019,3.5863001
Least Developed Countries (FAO),NA,2020,3.6316004
Least Developed Countries (FAO),NA,2021,3.63
Least Developed Countries (FAO),NA,2022,3.6656003
Least Developed Countries (FAO),NA,2023,3.6275
Liberia,LBR,2015,1.1291001
Liberia,LBR,2016,1.0732
Liberia,LBR,2017,1.0595001
Liberia,LBR,2018,1.0836
Liberia,LBR,2019,1.1282
Liberia,LBR,2020,1.1481
Liberia,LBR,2021,1.0519
Liberia,LBR,2022,1.1206
Liberia,LBR,2023,1.0675
Low Income Food Deficit Countries (FAO),NA,2015,2.2703001
Low Income Food Deficit Countries (FAO),NA,2016,2.3727
Low Income Food Deficit Countries (FAO),NA,2017,2.2798002
Low Income Food Deficit Countries (FAO),NA,2018,2.3008
Low Income Food Deficit Countries (FAO),NA,2019,2.4845002
Low Income Food Deficit Countries (FAO),NA,2020,2.5437
Low Income Food Deficit Countries (FAO),NA,2021,2.4833002
Low Income Food Deficit Countries (FAO),NA,2022,2.5016003000000002
Low Income Food Deficit Countries (FAO),NA,2023,2.3630002
Low-income countries,NA,2015,2.1538289
Low-income countries,NA,2016,2.1737554
Low-income countries,NA,2017,2.1189888
Low-income countries,NA,2018,1.9631652
Low-income countries,NA,2019,2.206619
Low-income countries,NA,2020,2.2127864
Low-income countries,NA,2021,2.2344356
Low-income countries,NA,2022,2.2451994
Low-income countries,NA,2023,2.0156398
Lower-middle-income countries,NA,2015,3.8315125
Lower-middle-income countries,NA,2016,3.8824232
Lower-middle-income countries,NA,2017,3.9508815
Lower-middle-income countries,NA,2018,4.0306816
Lower-middle-income countries,NA,2019,4.1085224
Lower-middle-income countries,NA,2020,4.1187406
Lower-middle-income countries,NA,2021,4.18104
Lower-middle-income countries,NA,2022,4.1840816
Lower-middle-income countries,NA,2023,4.278925
Madagascar,MDG,2015,3.2925003
Madagascar,MDG,2016,3.0192
Madagascar,MDG,2017,2.8857
Madagascar,MDG,2018,2.723
Madagascar,MDG,2019,2.4432
Madagascar,MDG,2020,2.5248
Madagascar,MDG,2021,2.8567002
Madagascar,MDG,2022,3.0908003
Madagascar,MDG,2023,2.4719
Malawi,MWI,2015,1.6946001
Malawi,MWI,2016,1.5604001
Malawi,MWI,2017,1.8662001
Malawi,MWI,2018,1.7557
Malawi,MWI,2019,1.8807
Malawi,MWI,2020,1.9989002
Malawi,MWI,2021,2.0395
Malawi,MWI,2022,1.9396001
Malawi,MWI,2023,1.5714
Malaysia,MYS,2015,4.0223002
Malaysia,MYS,2016,3.9775002
Malaysia,MYS,2017,3.7496002
Malaysia,MYS,2018,3.7704
Malaysia,MYS,2019,3.5009
Malaysia,MYS,2020,3.6538002
Malaysia,MYS,2021,3.7683003
Malaysia,MYS,2022,3.5766003
Malaysia,MYS,2023,3.5241003
Mali,MLI,2015,3.0586002
Mali,MLI,2016,3.3318002
Mali,MLI,2017,3.5260003
Mali,MLI,2018,3.2671003
Mali,MLI,2019,3.4568002
Mali,MLI,2020,3.3517
Mali,MLI,2021,2.7691002
Mali,MLI,2022,3.2256002
Mali,MLI,2023,3.334
Mauritania,MRT,2015,4.9666004
Mauritania,MRT,2016,5.6557007
Mauritania,MRT,2017,5.5638
Mauritania,MRT,2018,5.1369
Mauritania,MRT,2019,3.9612002
Mauritania,MRT,2020,4.2775
Mauritania,MRT,2021,5.3955
Mauritania,MRT,2022,5.5586004
Mauritania,MRT,2023,5.3279
Mauritius,MUS,2015,1.9324001
Mauritius,MUS,2016,2.1863
Mauritius,MUS,2017,2.8571002
Mauritius,MUS,2018,1.4615
Mauritius,MUS,2019,3.5000002
Melanesia,OWID_MNS,2015,2.4934
Melanesia,OWID_MNS,2016,2.5997
Melanesia,OWID_MNS,2017,2.5870001
Melanesia,OWID_MNS,2018,2.5363002
Melanesia,OWID_MNS,2019,2.7110002
Melanesia,OWID_MNS,2020,2.9646003
Melanesia,OWID_MNS,2021,3.1685002
Melanesia,OWID_MNS,2022,3.2453003
Melanesia,OWID_MNS,2023,2.8786001
Mexico,MEX,2015,5.8079
Mexico,MEX,2016,6.1346
Mexico,MEX,2017,6.3900003
Mexico,MEX,2018,6.2848
Mexico,MEX,2019,6.3662004
Mexico,MEX,2020,6.2107005
Mexico,MEX,2021,6.3813
Mexico,MEX,2022,6.5001006
Mexico,MEX,2023,6.8705006
Micronesia (FAO),NA,2015,1.7726
Micronesia (FAO),NA,2016,1.8097
Micronesia (FAO),NA,2017,1.8408002
Micronesia (FAO),NA,2018,1.8682001
Micronesia (FAO),NA,2019,1.8855001
Micronesia (FAO),NA,2020,1.8429002
Micronesia (FAO),NA,2021,1.8496001
Micronesia (FAO),NA,2022,1.8428001
Micronesia (FAO),NA,2023,1.8276001
Micronesia (country),FSM,2015,1.7726
Micronesia (country),FSM,2016,1.8097
Micronesia (country),FSM,2017,1.8408002
Micronesia (country),FSM,2018,1.8682001
Micronesia (country),FSM,2019,1.8855001
Micronesia (country),FSM,2020,1.8429002
Micronesia (country),FSM,2021,1.8496001
Micronesia (country),FSM,2022,1.8428001
Micronesia (country),FSM,2023,1.8276001
Middle Africa (FAO),NA,2015,0.89720005
Middle Africa (FAO),NA,2016,0.9858
Middle Africa (FAO),NA,2017,0.99850005
Middle Africa (FAO),NA,2018,1.0799
Middle Africa (FAO),NA,2019,1.1246
Middle Africa (FAO),NA,2020,1.2316
Middle Africa (FAO),NA,2021,1.2413001
Middle Africa (FAO),NA,2022,1.0561
Middle Africa (FAO),NA,2023,1.0769001
Morocco,MAR,2015,7.6173
Morocco,MAR,2016,7.0881004
Morocco,MAR,2017,7.2005005
Morocco,MAR,2018,7.7910004
Morocco,MAR,2019,8.1021
Morocco,MAR,2020,11.3511
Morocco,MAR,2021,6.7374
Morocco,MAR,2022,7.7706003
Morocco,MAR,2023,8.0009
Mozambique,MOZ,2015,0.55020005
Mozambique,MOZ,2016,0.49060002
Mozambique,MOZ,2017,0.5429
Mozambique,MOZ,2018,0.52750003
Mozambique,MOZ,2019,0.4864
Mozambique,MOZ,2020,0.6175
Mozambique,MOZ,2021,0.9175
Mozambique,MOZ,2022,0.9620001
Mozambique,MOZ,2023,0.44270003
Myanmar,MMR,2015,3.9339
Myanmar,MMR,2016,3.8794
Myanmar,MMR,2017,3.8597002
Myanmar,MMR,2018,3.9187002
Myanmar,MMR,2019,3.8566003
Myanmar,MMR,2020,3.8652
Myanmar,MMR,2021,3.8957002
Myanmar,MMR,2022,3.9467
Myanmar,MMR,2023,3.9683003
Nepal,NPL,2015,3.1543002
Nepal,NPL,2016,3.3690002
Nepal,NPL,2017,3.5058002
Nepal,NPL,2018,3.7607002
Nepal,NPL,2019,3.8048003
Nepal,NPL,2020,3.8153002
Nepal,NPL,2021,3.4728003
Nepal,NPL,2022,3.7869
Nepal,NPL,2023,3.9779
Net Food Importing Developing Countries (FAO),NA,2015,3.6665
Net Food Importing Developing Countries (FAO),NA,2016,3.6504002
Net Food Importing Developing Countries (FAO),NA,2017,3.6484
Net Food Importing Developing Countries (FAO),NA,2018,3.6529
Net Food Importing Developing Countries (FAO),NA,2019,3.7300003
Net Food Importing Developing Countries (FAO),NA,2020,3.7984002
Net Food Importing Developing Countries (FAO),NA,2021,3.7919002
Net Food Importing Developing Countries (FAO),NA,2022,3.7510002
Net Food Importing Developing Countries (FAO),NA,2023,3.7877002
Nicaragua,NIC,2015,6.6964
Nicaragua,NIC,2016,6.2456
Nicaragua,NIC,2017,6.2241006
Nicaragua,NIC,2018,6.28
Nicaragua,NIC,2019,6.3364
Nicaragua,NIC,2020,6.4464
Nicaragua,NIC,2021,6.3477006
Nicaragua,NIC,2022,6.3736005
Nicaragua,NIC,2023,6.0233
Niger,NER,2015,4.3427005
Niger,NER,2016,4.4407005
Niger,NER,2017,4.7318
Niger,NER,2018,3.3917
Niger,NER,2019,4.5537004
Niger,NER,2020,4.6146
Niger,NER,2021,4.5787005
Niger,NER,2022,4.5832005
Niger,NER,2023,4.7533
Nigeria,NGA,2015,2.0742002
Nigeria,NGA,2016,2.0037
Nigeria,NGA,2017,2.081
Nigeria,NGA,2018,2.0670002
Nigeria,NGA,2019,2.0441
Nigeria,NGA,2020,1.9479002
Nigeria,NGA,2021,1.9310001
Nigeria,NGA,2022,1.8563001
Nigeria,NGA,2023,1.9740001
North America,NA,2015,6.9129663
North America,NA,2016,6.85093
North America,NA,2017,6.8559484
North America,NA,2018,6.787106
North America,NA,2019,6.90478
North America,NA,2020,7.212099
North America,NA,2021,7.1783886
North America,NA,2022,6.8619056
North America,NA,2023,7.321333
North Korea,PRK,2015,4.1831
North Korea,PRK,2016,5.4119
North Korea,PRK,2017,5.0158
North Korea,PRK,2018,4.4277005
North Korea,PRK,2019,6.0186005
North Korea,PRK,2020,4.493
North Korea,PRK,2021,4.044
North Korea,PRK,2022,4.658
North Korea,PRK,2023,4.597
North Macedonia,MKD,2015,6.1238003
North Macedonia,MKD,2016,4.919
North Macedonia,MKD,2017,5.2169003
North Macedonia,MKD,2018,6.1241
North Macedonia,MKD,2019,6.1126003
North Macedonia,MKD,2020,6.1435003
North Macedonia,MKD,2021,6.0951004
North Macedonia,MKD,2022,6.0954003
North Macedonia,MKD,2023,6.3242006
Northern Africa (FAO),NA,2015,9.3561
Northern Africa (FAO),NA,2016,9.2618
Northern Africa (FAO),NA,2017,8.8946
Northern Africa (FAO),NA,2018,8.4897
Northern Africa (FAO),NA,2019,8.653501
Northern Africa (FAO),NA,2020,9.518201
Northern Africa (FAO),NA,2021,9.018701
Northern Africa (FAO),NA,2022,8.829901
Northern Africa (FAO),NA,2023,8.6735
Northern America (FAO),NA,2015,8.372201
Northern America (FAO),NA,2016,8.112101
Northern America (FAO),NA,2017,8.4147005
Northern America (FAO),NA,2018,8.6213
Northern America (FAO),NA,2019,8.375901
Northern America (FAO),NA,2020,8.5401
Northern America (FAO),NA,2021,8.6416
Northern America (FAO),NA,2022,8.277801
Northern America (FAO),NA,2023,8.572801
Oceania,NA,2015,9.499635
Oceania,NA,2016,9.110798
Oceania,NA,2017,9.40517
Oceania,NA,2018,9.869066
Oceania,NA,2019,6.7258697
Oceania,NA,2020,6.750592
Oceania,NA,2021,8.813834
Oceania,NA,2022,10.450901
Oceania,NA,2023,9.058129
Oceania (FAO),NA,2015,9.499701
Oceania (FAO),NA,2016,9.1106
Oceania (FAO),NA,2017,9.4051
Oceania (FAO),NA,2018,9.869
Oceania (FAO),NA,2019,6.7255
Oceania (FAO),NA,2020,6.7510004
Oceania (FAO),NA,2021,8.813901
Oceania (FAO),NA,2022,10.450901
Oceania (FAO),NA,2023,9.0581
Pakistan,PAK,2015,3.7240002
Pakistan,PAK,2016,3.7716002
Pakistan,PAK,2017,3.8526003
Pakistan,PAK,2018,3.8427002
Pakistan,PAK,2019,3.6653001
Pakistan,PAK,2020,3.7863002
Pakistan,PAK,2021,3.9532
Pakistan,PAK,2022,3.6903002
Pakistan,PAK,2023,4.0703
Panama,PAN,2015,3.0524
Panama,PAN,2016,3.5227
Panama,PAN,2017,3.3949
Panama,PAN,2018,3.7077
Panama,PAN,2019,3.8320003
Panama,PAN,2020,3.9211004
Panama,PAN,2021,4.1985
Panama,PAN,2022,4.3655
Panama,PAN,2023,4.3024
Papua New Guinea,PNG,2015,2.0670002
Papua New Guinea,PNG,2016,2.0777001
Papua New Guinea,PNG,2017,2.0906003
Papua New Guinea,PNG,2018,2.1019
Papua New Guinea,PNG,2019,2.1142
Papua New Guinea,PNG,2020,2.1283002
Papua New Guinea,PNG,2021,2.1332002
Papua New Guinea,PNG,2022,2.1432002
Papua New Guinea,PNG,2023,2.1532001
Paraguay,PRY,2015,6.7013
Paraguay,PRY,2016,6.6000004
Paraguay,PRY,2017,6.6000004
Paraguay,PRY,2018,6.3
Paraguay,PRY,2019,6.6000004
Paraguay,PRY,2020,6.5987005
Paraguay,PRY,2021,6.6326003
Paraguay,PRY,2022,4.7392006
Paraguay,PRY,2023,5.7522006
Peru,PER,2015,7.8884
Peru,PER,2016,7.7002006
Peru,PER,2017,7.3091006
Peru,PER,2018,8.124201
Peru,PER,2019,7.7002006
Peru,PER,2020,8.2373
Peru,PER,2021,8.3236
Peru,PER,2022,8.3247
Peru,PER,2023,8.0738
Philippines,PHL,2015,3.8980002
Philippines,PHL,2016,3.8690002
Philippines,PHL,2017,4.0061
Philippines,PHL,2018,3.9718003
Philippines,PHL,2019,4.0449
Philippines,PHL,2020,4.0888004
Philippines,PHL,2021,4.1540003
Philippines,PHL,2022,4.112
Philippines,PHL,2023,4.1654
Portugal,PRT,2015,6.3454003
Portugal,PRT,2016,5.8077006
Portugal,PRT,2017,6.2112007
Portugal,PRT,2018,5.4784
Portugal,PRT,2019,5.6018
Portugal,PRT,2020,5.1191006
Portugal,PRT,2021,5.9911003
Portugal,PRT,2022,5.7069
Portugal,PRT,2023,6.4005003
Puerto Rico,PRI,2015,3.0004
Puerto Rico,PRI,2016,2.9118001
Puerto Rico,PRI,2017,3.0011003
Puerto Rico,PRI,2018,3.0826004
Puerto Rico,PRI,2019,3.1605
Puerto Rico,PRI,2020,3.2769
Puerto Rico,PRI,2021,3.3976002
Puerto Rico,PRI,2022,3.5344
Puerto Rico,PRI,2023,3.6514
Romania,ROU,2015,4.4974003
Romania,ROU,2016,4.6248
Romania,ROU,2017,4.7464004
Romania,ROU,2018,5.1952004
Romania,ROU,2019,5.3203
Romania,ROU,2020,4.1117005
Romania,ROU,2021,2.7537
Romania,ROU,2022,5.1524
Romania,ROU,2023,4.9671
Russia,RUS,2015,5.5795
Russia,RUS,2016,5.3031006
Russia,RUS,2017,5.3144
Russia,RUS,2018,5.7622004
Russia,RUS,2019,5.7615004
Russia,RUS,2020,5.8275003
Russia,RUS,2021,5.7773
Russia,RUS,2022,5.4231005
Russia,RUS,2023,5.7481003
Rwanda,RWA,2015,3.2259002
Rwanda,RWA,2016,3.3067
Rwanda,RWA,2017,3.4499002
Rwanda,RWA,2018,3.4741004
Rwanda,RWA,2019,3.9998002
Rwanda,RWA,2020,3.9381003
Rwanda,RWA,2021,4.1596003
Rwanda,RWA,2022,4.1879
Rwanda,RWA,2023,4.0898004
Saudi Arabia,SAU,2017,0.09680001
Saudi Arabia,SAU,2018,0.1417
Saudi Arabia,SAU,2019,1.7391001
Saudi Arabia,SAU,2020,2.3353002
Saudi Arabia,SAU,2021,2.4012
Saudi Arabia,SAU,2022,2.3971002
Saudi Arabia,SAU,2023,2.4286003
Senegal,SEN,2015,3.8194
Senegal,SEN,2016,3.3537002
Senegal,SEN,2017,3.3055003
Senegal,SEN,2018,3.7282002
Senegal,SEN,2019,3.3442001
Senegal,SEN,2020,3.3432002
Senegal,SEN,2021,3.6277
Senegal,SEN,2022,3.7838001
Senegal,SEN,2023,3.8148003
Sierra Leone,SLE,2015,1.4410001
Sierra Leone,SLE,2016,1.1437
Sierra Leone,SLE,2017,1.1492
Sierra Leone,SLE,2018,0.7856
Sierra Leone,SLE,2019,1.5745001
Sierra Leone,SLE,2020,1.7369001
Sierra Leone,SLE,2021,2.0953002
Sierra Leone,SLE,2022,2.1302001
Sierra Leone,SLE,2023,1.524
Small Island Developing States (FAO),NA,2015,4.1679
Small Island Developing States (FAO),NA,2016,4.0197
Small Island Developing States (FAO),NA,2017,4.1767006
Small Island Developing States (FAO),NA,2018,3.6891003000000002
Small Island Developing States (FAO),NA,2019,4.1432004
Small Island Developing States (FAO),NA,2020,4.1632004
Small Island Developing States (FAO),NA,2021,4.0469003
Small Island Developing States (FAO),NA,2022,4.0929003
Small Island Developing States (FAO),NA,2023,4.1482005
Solomon Islands,SLB,2015,1.8797001
Solomon Islands,SLB,2016,1.9362
Solomon Islands,SLB,2017,1.8733002
Solomon Islands,SLB,2018,1.9050001
Solomon Islands,SLB,2019,1.9123001
Solomon Islands,SLB,2020,1.8976
Solomon Islands,SLB,2021,1.8961
Solomon Islands,SLB,2022,1.8991001
Solomon Islands,SLB,2023,1.9005
Somalia,SOM,2015,1.7500001
Somalia,SOM,2016,1.8333001
Somalia,SOM,2017,1.7274001
Somalia,SOM,2018,1.7644001
Somalia,SOM,2019,2.0063002
Somalia,SOM,2020,1.996
Somalia,SOM,2021,2
Somalia,SOM,2022,2
Somalia,SOM,2023,2
South Africa,ZAF,2015,2.7210002
South Africa,ZAF,2016,2.7414
South Africa,ZAF,2017,2.7657
South Africa,ZAF,2018,2.7914
South Africa,ZAF,2019,2.8163002
South Africa,ZAF,2020,2.8329
South Africa,ZAF,2021,2.8493001
South Africa,ZAF,2022,2.8722
South Africa,ZAF,2023,2.8952
South America,NA,2015,5.6043715
South America,NA,2016,5.3711557
South America,NA,2017,5.646766
South America,NA,2018,5.824894
South America,NA,2019,5.696735
South America,NA,2020,5.9504905
South America,NA,2021,6.1305633
South America,NA,2022,5.8456607
South America,NA,2023,6.005976
South America (FAO),NA,2015,5.6044
South America (FAO),NA,2016,5.3712006
South America (FAO),NA,2017,5.6468
South America (FAO),NA,2018,5.8249
South America (FAO),NA,2019,5.6967006
South America (FAO),NA,2020,5.9505005
South America (FAO),NA,2021,6.1306005
South America (FAO),NA,2022,5.8457003
South America (FAO),NA,2023,6.0060005
South Korea,KOR,2015,7.2197003
South Korea,KOR,2016,7.2228003
South Korea,KOR,2017,7.0034003
South Korea,KOR,2018,7.043
South Korea,KOR,2019,6.8731003
South Korea,KOR,2020,6.4881005
South Korea,KOR,2021,7.1143003
South Korea,KOR,2022,6.8746004
South Korea,KOR,2023,6.9177003
South Sudan,SSD,2015,0.90730006
South Sudan,SSD,2016,0.8791
South Sudan,SSD,2017,0.8852001
South Sudan,SSD,2018,0.85200006
South Sudan,SSD,2019,0.8805
South Sudan,SSD,2020,0.88500005
South Sudan,SSD,2021,0.84720004
South Sudan,SSD,2022,1.1887
South Sudan,SSD,2023,1.0902
South-eastern Asia (FAO),NA,2015,4.3246
South-eastern Asia (FAO),NA,2016,4.2034
South-eastern Asia (FAO),NA,2017,4.2285004
South-eastern Asia (FAO),NA,2018,4.3108
South-eastern Asia (FAO),NA,2019,4.2650003
South-eastern Asia (FAO),NA,2020,4.2387004
South-eastern Asia (FAO),NA,2021,4.3093
South-eastern Asia (FAO),NA,2022,4.3207
South-eastern Asia (FAO),NA,2023,4.3457003
Southern Africa (FAO),NA,2015,2.8449001
Southern Africa (FAO),NA,2016,2.8428001
Southern Africa (FAO),NA,2017,2.8363001
Southern Africa (FAO),NA,2018,2.8516002
Southern Africa (FAO),NA,2019,2.8679001
Southern Africa (FAO),NA,2020,2.8964
Southern Africa (FAO),NA,2021,2.9232001
Southern Africa (FAO),NA,2022,2.9352
Southern Africa (FAO),NA,2023,2.947
Southern Asia (FAO),NA,2015,3.7888002
Southern Asia (FAO),NA,2016,3.8996003
Southern Asia (FAO),NA,2017,4.0109
Southern Asia (FAO),NA,2018,4.0985003
Southern Asia (FAO),NA,2019,4.2035003
Southern Asia (FAO),NA,2020,4.2151003
Southern Asia (FAO),NA,2021,4.2904
Southern Asia (FAO),NA,2022,4.3177004
Southern Asia (FAO),NA,2023,4.4239
Southern Europe (FAO),NA,2015,7.1146007000000004
Southern Europe (FAO),NA,2016,7.0637007
Southern Europe (FAO),NA,2017,7.1272006
Southern Europe (FAO),NA,2018,6.9385004
Southern Europe (FAO),NA,2019,6.938
Southern Europe (FAO),NA,2020,6.8082004
Southern Europe (FAO),NA,2021,6.6389003
Southern Europe (FAO),NA,2022,5.9251003
Southern Europe (FAO),NA,2023,6.4864
Spain,ESP,2015,7.7503004
Spain,ESP,2016,7.6451006
Spain,ESP,2017,7.7616005
Spain,ESP,2018,7.6077003
Spain,ESP,2019,7.5339003
Spain,ESP,2020,7.2431006
Spain,ESP,2021,7.2884
Spain,ESP,2022,6.2530003
Spain,ESP,2023,6.0613003
Sri Lanka,LKA,2015,3.9794002
Sri Lanka,LKA,2016,3.8728004
Sri Lanka,LKA,2017,3.0103002
Sri Lanka,LKA,2018,3.7752001
Sri Lanka,LKA,2019,4.7954
Sri Lanka,LKA,2020,4.8021
Sri Lanka,LKA,2021,4.5709
Sri Lanka,LKA,2022,3.045
Sri Lanka,LKA,2023,3.8815002
Sudan,SDN,2015,6.3492007
Sudan,SDN,2016,5.8824
Sudan,SDN,2017,4.0816
Sudan,SDN,2018,3.9578001
Sudan,SDN,2019,4.1594
Sudan,SDN,2020,4.3714
Sudan,SDN,2021,4.4044003
Sudan,SDN,2022,4.3941
Sudan,SDN,2023,4.3916
Suriname,SUR,2015,4.5309
Suriname,SUR,2016,4.4341
Suriname,SUR,2017,4.8805003
Suriname,SUR,2018,4.8698
Suriname,SUR,2019,4.557
Suriname,SUR,2020,4.3196
Suriname,SUR,2021,4.6385
Suriname,SUR,2022,3.7630002
Suriname,SUR,2023,4.0788
Taiwan,TWN,2015,6.2802005
Taiwan,TWN,2016,5.7983003
Taiwan,TWN,2017,6.3859
Taiwan,TWN,2018,7.1814003
Taiwan,TWN,2019,6.6325
Taiwan,TWN,2020,6.6877007
Taiwan,TWN,2021,6.9675
Taiwan,TWN,2022,6.5941005
Taiwan,TWN,2023,6.5811005
Tajikistan,TJK,2015,7.2909
Tajikistan,TJK,2016,7.0534
Tajikistan,TJK,2017,7.8042006
Tajikistan,TJK,2018,7.649
Tajikistan,TJK,2019,8.588201
Tajikistan,TJK,2020,7.6744003
Tajikistan,TJK,2021,10.900001
Tajikistan,TJK,2022,10.112401
Tajikistan,TJK,2023,9.874201
Tanzania,TZA,2015,2.5812001
Tanzania,TZA,2016,2.7698002
Tanzania,TZA,2017,2.2343001
Tanzania,TZA,2018,3.3060002
Tanzania,TZA,2019,3.3013003
Tanzania,TZA,2020,3.3047001
Tanzania,TZA,2021,2.9939
Tanzania,TZA,2022,2.9123
Tanzania,TZA,2023,2.9900002
Thailand,THA,2015,2.8506002
Thailand,THA,2016,2.9740002
Thailand,THA,2017,3.0690002
Thailand,THA,2018,3.038
Thailand,THA,2019,2.9164
Thailand,THA,2020,2.8997002
Thailand,THA,2021,2.9538002
Thailand,THA,2022,2.9995
Thailand,THA,2023,2.9556003
Togo,TGO,2015,1.7273002
Togo,TGO,2016,1.6536001
Togo,TGO,2017,1.6650001
Togo,TGO,2018,1.6760001
Togo,TGO,2019,1.6398001
Togo,TGO,2020,1.6845001
Togo,TGO,2021,1.6869001
Togo,TGO,2022,1.6968001
Togo,TGO,2023,1.6086
Trinidad and Tobago,TTO,2015,0.5721
Trinidad and Tobago,TTO,2016,0.8769001
Trinidad and Tobago,TTO,2017,1.1408001
Trinidad and Tobago,TTO,2018,1.0856
Trinidad and Tobago,TTO,2019,0.97880006
Trinidad and Tobago,TTO,2020,0.9366
Trinidad and Tobago,TTO,2021,0.98380005
Trinidad and Tobago,TTO,2022,0.98920006
Trinidad and Tobago,TTO,2023,0.9937001
Turkey,TUR,2015,7.9409003
Turkey,TUR,2016,7.927201
Turkey,TUR,2017,8.218801
Turkey,TUR,2018,7.8244004
Turkey,TUR,2019,7.9102006
Turkey,TUR,2020,7.8151007
Turkey,TUR,2021,7.7235003
Turkey,TUR,2022,7.8831005
Turkey,TUR,2023,8.027101
Turkmenistan,TKM,2015,3.9604
Turkmenistan,TKM,2016,4.3454003
Turkmenistan,TKM,2017,4.1201005
Turkmenistan,TKM,2018,4.1148
Turkmenistan,TKM,2019,4.0298004
Turkmenistan,TKM,2020,4.2309003
Turkmenistan,TKM,2021,4.4275002
Turkmenistan,TKM,2022,4.4525003
Turkmenistan,TKM,2023,4.4259
Uganda,UGA,2015,2.5
Uganda,UGA,2016,2.0098002
Uganda,UGA,2017,1.5808002
Uganda,UGA,2018,0.99630004
Uganda,UGA,2019,0.94350004
Uganda,UGA,2020,1.2443001
Uganda,UGA,2021,1.4973001
Uganda,UGA,2022,1.5022
Uganda,UGA,2023,1.3000001
Ukraine,UKR,2015,5.3427005
Ukraine,UKR,2016,5.3917003
Ukraine,UKR,2017,5.0346003
Ukraine,UKR,2018,5.4929004
Ukraine,UKR,2019,5.1971
Ukraine,UKR,2020,5.4179
Ukraine,UKR,2021,4.899
Ukraine,UKR,2022,4.4143
Ukraine,UKR,2023,5.0364003
United States,USA,2015,8.372201
United States,USA,2016,8.112101
United States,USA,2017,8.4147005
United States,USA,2018,8.6213
United States,USA,2019,8.375901
United States,USA,2020,8.5401
United States,USA,2021,8.6416
United States,USA,2022,8.277801
United States,USA,2023,8.572801
Upper-middle-income countries,NA,2015,5.742759
Upper-middle-income countries,NA,2016,5.648329
Upper-middle-income countries,NA,2017,5.705722
Upper-middle-income countries,NA,2018,5.7778907
Upper-middle-income countries,NA,2019,5.777977
Upper-middle-income countries,NA,2020,5.7517934
Upper-middle-income countries,NA,2021,5.8114595
Upper-middle-income countries,NA,2022,5.7664785
Upper-middle-income countries,NA,2023,5.8013186
Uruguay,URY,2015,8.6876
Uruguay,URY,2016,8.093801
Uruguay,URY,2017,8.5711
Uruguay,URY,2018,7.6786003
Uruguay,URY,2019,8.275901
Uruguay,URY,2020,8.617201
Uruguay,URY,2021,9.397
Uruguay,URY,2022,9.190701
Uruguay,URY,2023,9.3381
Uzbekistan,UZB,2015,6.0389004
Uzbekistan,UZB,2016,6.2956004
Uzbekistan,UZB,2017,5.5467005
Uzbekistan,UZB,2018,5.2464004
Uzbekistan,UZB,2019,4.8466005
Uzbekistan,UZB,2020,6.1877003
Uzbekistan,UZB,2021,6.8373003
Uzbekistan,UZB,2022,7.7533
Uzbekistan,UZB,2023,8.418301
Venezuela,VEN,2015,4.7398
Venezuela,VEN,2016,3.9534001
Venezuela,VEN,2017,3.4898002
Venezuela,VEN,2018,2.8747
Venezuela,VEN,2019,3.4393003
Venezuela,VEN,2020,4.0643
Venezuela,VEN,2021,4.2738
Venezuela,VEN,2022,3.0981002
Venezuela,VEN,2023,3.7518003
Vietnam,VNM,2015,5.7597003
Vietnam,VNM,2016,5.5738
Vietnam,VNM,2017,5.5476003
Vietnam,VNM,2018,5.8180003
Vietnam,VNM,2019,5.8371005
Vietnam,VNM,2020,5.9212003
Vietnam,VNM,2021,6.0740004
Vietnam,VNM,2022,6.018
Vietnam,VNM,2023,6.1135
Western Africa (FAO),NA,2015,2.0387
Western Africa (FAO),NA,2016,2.0222
Western Africa (FAO),NA,2017,2.0563002
Western Africa (FAO),NA,2018,2.0246
Western Africa (FAO),NA,2019,2.1563
Western Africa (FAO),NA,2020,2.1515
Western Africa (FAO),NA,2021,2.1309
Western Africa (FAO),NA,2022,2.1429
Western Africa (FAO),NA,2023,2.17
Western Asia (FAO),NA,2015,7.2966003
Western Asia (FAO),NA,2016,7.0809
Western Asia (FAO),NA,2017,6.9922004
Western Asia (FAO),NA,2018,7.4791
Western Asia (FAO),NA,2019,6.1401005
Western Asia (FAO),NA,2020,6.3142004
Western Asia (FAO),NA,2021,6.2577004
Western Asia (FAO),NA,2022,7.6136003
Western Asia (FAO),NA,2023,7.7977004
Western Europe (FAO),NA,2015,5.0014
Western Europe (FAO),NA,2016,4.8045
Western Europe (FAO),NA,2017,5.3971004
Western Europe (FAO),NA,2018,5.3788
Western Europe (FAO),NA,2019,5.4682007
Western Europe (FAO),NA,2020,5.2696004
Western Europe (FAO),NA,2021,5.182
Western Europe (FAO),NA,2022,5.4830003
Western Europe (FAO),NA,2023,5.6328
World,OWID_WRL,2015,4.5550003
World,OWID_WRL,2016,4.5426
World,OWID_WRL,2017,4.6001005
World,OWID_WRL,2018,4.6511
World,OWID_WRL,2019,4.6919003
World,OWID_WRL,2020,4.6938
World,OWID_WRL,2021,4.7373
World,OWID_WRL,2022,4.7096004
World,OWID_WRL,2023,4.7518
Zambia,ZMB,2015,1.4248002
Zambia,ZMB,2016,1.2077
Zambia,ZMB,2017,1.2992
Zambia,ZMB,2018,1.4214001
Zambia,ZMB,2019,1.2038001
Zambia,ZMB,2020,1.3989
Zambia,ZMB,2021,1.4893001
Zambia,ZMB,2022,1.5735
Zambia,ZMB,2023,1.2685001
Zimbabwe,ZWE,2015,0.30650002
Zimbabwe,ZWE,2016,0.3428
Zimbabwe,ZWE,2017,0.3745
Zimbabwe,ZWE,2018,0.40250003
Zimbabwe,ZWE,2019,0.44840002
Zimbabwe,ZWE,2020,0.60770005
Zimbabwe,ZWE,2021,0.83900005
Zimbabwe,ZWE,2022,0.49310002000000003
Zimbabwe,ZWE,2023,0.32870004
